;precision;recall;f1-score;support
0;0.8571428571428571;0.6666666666666666;0.75;9.0
1;0.8125;0.9285714285714286;0.8666666666666667;14.0
accuracy;0.8260869565217391;0.8260869565217391;0.8260869565217391;0.8260869565217391
macro avg;0.8348214285714286;0.7976190476190477;0.8083333333333333;23.0
weighted avg;0.8299689440993789;0.8260869565217391;0.8210144927536231;23.0
