;precision;recall;f1-score;support
0;0.4444444444444444;0.4444444444444444;0.4444444444444444;9.0
1;0.6428571428571429;0.6428571428571429;0.6428571428571429;14.0
accuracy;0.5652173913043478;0.5652173913043478;0.5652173913043478;0.5652173913043478
macro avg;0.5436507936507937;0.5436507936507937;0.5436507936507937;23.0
weighted avg;0.5652173913043478;0.5652173913043478;0.5652173913043478;23.0
